dataset,metric,sel_b,sel_k,sel_q,sel_val_mean,sel_val_std,cluster_size,n_seeds,readme_b,readme_k,readme_q,readme_val_mean,appendix_b,appendix_k,appendix_q,appendix_val_mean,nearest_source
beauty,ndcg@10,50,500,2,0.059582907478780464,7.617592741368915e-06,9,3,20,200,3,0.059435321949880465,10,100,3,0.05690692474203495,readme
cds_and_vinyl,ndcg@10,200,500,4,0.048243538956555476,4.070274919250964e-05,4,3,20,500,5,0.04725222936853979,10,500,3,0.04360591493492776,readme
sports_and_outdoors,ndcg@10,200,100,2,0.03367317960126428,1.3559127611532271e-05,7,3,100,30,5,0.03327680790199087,10,100,2,0.0251092675047126,readme
toys_and_games,ndcg@10,200,500,1,0.0631730100533384,4.03810898101402e-05,32,3,200,20,3,0.06196874250485204,10,50,5,0.05675390369187624,readme
