dataset,metric,sel_b,sel_k,sel_q,val_argmax_test_mean,val_argmax_test_std,n_seeds,best_b,best_k,best_q,best_cluster_test_mean,best_cluster_test_std,argmax_is_best,readme_test_mean,appendix_test_mean
beauty,ndcg@10,50,500,2,0.04697499436726166,6.989523685606875e-06,10,200,50,4,0.046991964004464405,1.4630255456653083e-05,0,,
cds_and_vinyl,ndcg@10,200,500,4,0.04137074728106682,4.768661006945464e-05,10,200,500,2,0.04137344952073668,5.3288132328366074e-05,0,,
sports_and_outdoors,ndcg@10,200,100,2,0.02573151128286324,1.2186903009313464e-05,10,200,100,2,0.02573151128286324,1.2186903009313464e-05,1,,
toys_and_games,ndcg@10,200,500,1,0.0471288356577677,2.3913711758440153e-05,10,100,100,3,0.04715061653140597,4.045843741920091e-05,0,,
